dose,inject_x,inject_y,inject_time,chi,D_T,death_rate,conversion_eff,eradication_score
3.208846169945872,0.4388784397520523,0.8585979199113825,5.578944232474911,0.7354433697191238,0.9804978813094047,0.1165595582786494,0.8537289373746292,0.7086241542717409
0.9483977143644106,0.45038593789556713,0.37079802423258124,7.4141199107888145,2.1096628002016615,0.8582092906166641,0.07207798783582635,0.6022574248031496,0.6688650898373463
2.4410467545554217,0.06381725610417532,0.8276311719925821,5.053315192976519,2.3952193502134347,0.48362077450389473,0.14589772341528645,0.9019045045949889,0.29845119565860656
3.2243422397581667,0.19463870785196757,0.4667210037270342,0.3504301262978302,0.8857237301688696,0.7464391625939637,0.11426670182709438,0.9353793795953944,0.7661894973859897
1.6403887534835317,0.3704597060348689,0.4695558112758079,1.5157708726742856,0.8248037633386791,0.580563940980747,0.04176730886712377,0.8014162976071296,0.8743019718438787
2.0300317160531574,0.8326781960578374,0.7002651020022491,2.4989331310563285,2.5806495034880026,0.8438114859974415,0.06424697306422442,0.6297476467686098,0.3522913935009955
2.888734263912414,0.1397524836093098,0.19990820247510832,0.0588981580080441,2.467310943755346,0.7318806852736257,0.1087231530076869,0.8513280639598855,0.5031913328080251
2.1062052143841896,0.5687411959528937,0.13979699812765745,0.9162405882877875,2.171007404476179,0.576876964914506,0.08913305490736642,0.8442494858372115,0.6929085347250874
2.721514120002068,0.5535794006579958,0.5592071607454135,2.4316007845008976,0.5770445864198486,0.54937391138589,0.040041854194734085,0.6838378896760863,0.8448237182651622
3.4869107564385815,0.23393948586534075,0.05830274168906602,2.2510711361759723,1.233984394416709,0.7295332117815161,0.08798450132777895,0.852754194097886,0.522351642196746
2.8250973911458566,0.4063868614400705,0.8140203846660347,1.3357833592616313,0.5567801828346512,0.27203828862051344,0.11113030908350302,0.7078447536131243,0.5870283922050974
1.0644512266176063,0.5010447751033635,0.15231210271316842,5.570563000621888,1.6153906889350766,0.5048169808771861,0.05221169248070271,0.7836271669034998,0.7366974670359585
1.7663441369368664,0.087649919316101,0.11800590212051532,7.695181316396116,2.7714517267690177,0.7597657070485997,0.04722179460433274,0.9361293698064757,0.6088723328490119
3.2256281638802813,0.7168901891589956,0.44936150214378867,2.177932494761272,0.7409774053837482,0.9220819172350734,0.07380868057670553,0.5910635141578536,0.6435921208454891
1.5708481845272837,0.579219568941896,0.1767727829392317,6.852914272739004,2.3962988245880252,0.7755703647607495,0.07049302556851451,0.7822889783160993,0.7188522222238561
2.5443428911945745,0.64984660155482,0.08444432113988909,3.326459217364877,0.6040354346547312,0.5951926553956152,0.05618056972658994,0.5650358849897211,0.4280582365692329
0.8619103870289307,0.587644572177712,0.1705929685368861,7.400960947014378,1.9526528492509874,0.4774958436278697,0.09272816880739833,0.5102617419633638,0.20386985866498764
3.8549572463450588,0.48230343694290023,0.7827352272502862,0.6618399993795085,1.7166458270954008,0.5925655954836168,0.1412957036964976,0.7572776235692339,0.4554759732696677
2.1572129036993384,0.2669756630918936,0.3315689973425522,4.165379219772302,1.5972786507626167,0.21728966390426435,0.1256808693872101,0.903272347327895,0.6869378315097552
0.9908718114951377,0.5540361435390494,0.10857574113544355,5.3779207443184935,1.2030844595975208,0.7275381077535215,0.11177924600016355,0.8458913713629457,0.6439287905557938
0.877093310845638,0.9160118451376079,0.23021399089488082,0.29930044940943823,1.8871311734787084,0.496737827089951,0.12617056403853782,0.8637131624289358,0.32024425627606334
1.6099861248795038,0.952899395069745,0.2909178381401186,4.120457033853716,1.139912726419007,0.9488348560391706,0.03304509446148254,0.5202097787265481,0.2961292002677687
2.022839710010633,0.992375564055837,0.891677266254914,5.988864155655594,2.7269812271963123,0.9147573117582906,0.08264017045410285,0.6421680733238568,0.10202180516985893
3.202043512388458,0.6616612631677611,0.37365772887371007,0.7557333444921221,2.366974028372565,0.40996841273829177,0.1411538410747291,0.6084367587525581,0.12493123650959959
0.9296527634402011,0.8311126721249061,0.15328431662449404,1.4341464652619127,1.9984569788021087,0.8996496326699717,0.03750085320004025,0.6396456528050426,0.26870704933624046
3.2209169338441215,0.9718264260609674,0.5007411862023423,1.1511800204100062,0.5348407192705038,0.38372482399908425,0.028455110490112942,0.8049464031257858,0.6895750107575864
0.9264137661998589,0.506329931620633,0.6942624356428865,4.648932873767219,0.9994391291501441,0.8432996209458101,0.11015699814621221,0.8325428017619938,0.7823638778441879
0.9587021304505964,0.12375380365034461,0.9275625510065076,3.180625550599525,1.2523717294523493,0.5908672362812266,0.10280098978690153,0.9300304656711365,0.5206501472203477
1.5025617940871925,0.9248084293120271,0.024859491386256316,4.4415843386145974,2.084937779202713,0.28471792300060267,0.029647543588947764,0.6886014436923367,0.3893390791993808
3.881811692501136,0.5960425532343728,0.9330232216002112,6.434887324903766,1.6684540038882287,0.8278107594017501,0.012497149756778283,0.5491147985445807,0.5056018031295288
3.403000152089577,0.7968170883251617,0.2326407419664337,4.246156724792428,2.0150395517500272,0.894191163020809,0.09443500202742158,0.6856572061731561,0.3753211238066736
1.8096441519251394,0.4258820863735099,0.6519310255799742,6.939925054018599,1.6347422051907494,0.3982716503610865,0.04313273081966136,0.8357064261095508,0.8806772849369706
3.3579906719836865,0.10527807985412496,0.06655885695517816,4.755469310051614,0.8654331104817456,0.8597313523650731,0.053446854349370417,0.5647423698370142,0.23563671339907344
3.7233966537060756,0.16553172273527816,0.28472008233793555,1.228907161536469,0.7887251591633875,0.21691841306915205,0.017755357282996414,0.5785886619211337,0.5899599724505189
0.6868367641951139,0.5911438161109712,0.6807145267995064,3.149043654656226,1.2949777423801234,0.6036209896177841,0.1325006919128452,0.8830092320699927,0.7137318720890002
0.6521627170447718,0.18149840959652408,0.23674487110439602,1.9951006066576946,1.9280816293569318,0.5330099405625539,0.016895576789863156,0.6681263623068072,0.5596789848005226
2.3331353205117304,0.10167190290371597,0.8334585537885597,0.41569493172083405,2.8121046725451553,0.2792905132639004,0.12810049322368539,0.9061939147674276,0.23582045412720065
3.9284973820530746,0.8020258802735936,0.7794775407713289,5.139866207964381,2.4474908864453226,0.3076417667305177,0.08504952503266922,0.7314002915856865,0.5019924071694535
3.5015025044289514,0.46279936559351587,0.3850894961003535,5.116506169896881,1.166158293752115,0.3118147287631655,0.0769028183633244,0.6876002158676983,0.7929380875311189
1.313994791851058,0.367511810115128,0.3663924498262474,2.6199645153003637,1.4486601993173225,0.7485946763647564,0.05156270643997994,0.9269860670219032,0.8957693002538821
3.7072180683836224,0.4809104283000786,0.3283612050046888,4.283478318640025,2.6214012219340614,0.7220698724480816,0.12261485591259082,0.7397250242295831,0.6884427545579537
2.7152117024366724,0.2881556141824617,0.7348931623102908,1.6192367450057468,2.2369953220462455,0.8885752546607153,0.028494397222216146,0.7764708832438638,0.7706058123459795
0.8328351188047711,0.7257156282714269,0.08449321882352023,7.487518581605008,0.8435198250945054,0.9671041967272644,0.12212378465191351,0.7671569020098593,0.3255741495531239
3.239184366203414,0.7951148389830859,0.9460270628173303,2.0270668307134976,1.9751897383957728,0.276039358051521,0.09626319800337697,0.577081086841755,0.1291424926803505
2.4773271401535464,0.5724305140338497,0.46598515298122734,4.181054204104982,2.4098084750164697,0.8393957732096533,0.07890145018056006,0.7698170486851755,0.8474384822457401
3.759326824915356,0.11973358850112281,0.1171035659001105,0.7016720952861473,2.1446582126013194,0.5348866406323036,0.11840499825985804,0.8020541359888667,0.23629569402838746
1.6677321541488337,0.8983665473615358,0.7625321470706523,2.1642795272814057,1.410480044430135,0.45155198416341036,0.03206563080749995,0.5665025176439862,0.37201117235218184
3.776446121815104,0.43790403719875326,0.38331982277740984,5.837485669419023,1.8824826631322498,0.9489119894707698,0.11924220914731488,0.7157163038560431,0.7428489194247294
1.8172581571828919,0.986631544924322,0.7177602360036435,7.609557280030729,0.7961964430426034,0.8804269433526262,0.09919034375876905,0.5548647552508007,0.1556184578569152
2.5589029998922723,0.6860963651054488,0.012302685888602838,3.6345436947339724,2.563498777990803,0.4362872202752719,0.07419673145179714,0.6990413571805519,0.3492580314213698
1.5567458700487204,0.9184418955155542,0.7812940354315159,0.884707287968884,2.9925866445939326,0.9033600194461961,0.049747181300965455,0.8766034608474222,0.6061706790561721
0.8724683615498401,0.9991047304742386,0.6656847361065369,5.201000124470376,0.7261018174603319,0.9176267191173002,0.014059930448625718,0.6083726261185162,0.4947568169041495
1.0005765630832224,0.7767679406922186,0.19820422721289788,7.285105817047082,2.1406725983187256,0.22893016839575697,0.010760176778018065,0.5232460626564795,0.3985942669437609
2.620738121767047,0.8014818108594153,0.23855282062738847,6.795270743384584,0.643079850383151,0.840771082913341,0.13989136022411924,0.8474487795969712,0.5650352929423215
2.9434227439252303,0.8379802186553831,0.04015129954706642,1.614256885752443,0.8123091982641077,0.6036247921543892,0.11432633796603822,0.7835053300593794,0.27583358399459956
3.4789588491667724,0.15521299244109088,0.7346210919351616,1.5443319269512328,1.1768968782945006,0.7679237578250431,0.14722866988581546,0.7751946226896813,0.3054062044037559
0.6907511024695345,0.6163089699275328,0.042350551580167095,7.0731656909345375,2.273945712751552,0.3385022771380026,0.022840940815387727,0.5825899529961436,0.48670356878193066
3.9300951284396737,0.4585606424584898,0.784080948341408,5.091266736862215,1.9310328748965935,0.3161042037320398,0.1424434234981333,0.635604184631623,0.2708545316331452
2.5230602553263974,0.6997759445890661,0.6492331552453089,7.5247552775641475,0.871097474800145,0.6066821907575537,0.06656481470370723,0.7133759282671781,0.7689762659099022
0.9172613416921062,0.13409460987276534,0.27807554578125737,2.4376368300866504,1.569758034203375,0.6887900376293026,0.09884807643855681,0.6853149034635067,0.27927420235405453
1.93074088300044,0.21762852669696198,0.5883062484090082,2.536327290537903,0.5901495856934093,0.5347200353254884,0.07637857451262384,0.6015167906918949,0.5616679871416114
2.503602765927405,0.5657719004319209,0.7020021811103714,5.18358785760968,2.131082641302579,0.4529713214592345,0.12024051107803352,0.7471149726198557,0.6482613812161833
2.0099636831296155,0.6260124809410571,0.3606573344502543,4.101913956854066,2.3417642212055507,0.9091223093789662,0.13894800762132684,0.7266348163323946,0.573176441382201
2.320962901591992,0.7998704107638365,0.31445069174420126,6.699058898760549,1.7353541162935586,0.2926853794682147,0.020088280590212115,0.8788969449677584,0.8265076847838927
0.6944877091740727,0.2806114361336559,0.3341300405015458,1.3839555615327503,1.284733424504973,0.7941540533800686,0.012055598098409908,0.8722280410343088,0.8594188341110413
3.4979180825109535,0.3722615731915482,0.1536128990606348,4.806723263560647,0.7991813896622358,0.491935488862602,0.14418008532613613,0.9479590126626367,0.7077292544901657
3.2023671197410497,0.3109615099207662,0.6876650491660925,5.643250923872102,1.4696042379091243,0.7127109076689275,0.011501870296594673,0.5940759463710087,0.7393361276300068
2.337809060385414,0.16375130425829587,0.16590686787653364,6.690434324401903,2.9728325067090138,0.6447755424227588,0.12746976232343987,0.9456447489468226,0.5809450982496402
0.9955856099907114,0.4482456132543511,0.3925727158419199,0.6403942691694802,2.3883254319868614,0.5470232218580744,0.07570577078665616,0.5678028382159581,0.5404931431553295
1.1332432828080385,0.907103622156215,0.04464908897427888,1.86281827954965,1.2301483257863208,0.5921580339212691,0.09210232422207142,0.7219804891327999,0.2388241380881787
0.7944036709490871,0.24366745405571355,0.8435883847625412,5.1007096038276725,2.122872625335686,0.736162604281084,0.11680642266553405,0.5261488167746513,0.0
1.7831293472641434,0.5395274352616787,0.338456483297326,6.755830986297492,1.7064312714682348,0.8149020715675033,0.12928217236336365,0.7271561673065741,0.6751536002948186
3.683432853549725,0.5871239405369806,0.8502742988337217,2.724726364732194,1.747042396328713,0.6251288328036622,0.02469716022544988,0.6793486280156933,0.6832451117445517
3.710681853930866,0.6308322403647424,0.17750658243696749,2.7108450848768397,0.9790075241567495,0.21985850543885804,0.13984446419056373,0.7016932977155921,0.40101782065212643
1.5763727534727514,0.5984771915577366,0.0073144562930156365,2.2241768528065107,2.2575836642472313,0.7070158184554105,0.14745283265595496,0.7791609693461198,0.1499571583627578
2.171270557697065,0.7614325631840076,0.9033278719640531,5.765567573746813,2.908028058873449,0.8256041365905418,0.1313522013566697,0.5513468320326367,0.0
3.0634472604782568,0.4400886995273686,0.5531038024112752,5.232819275858854,2.9245377917639237,0.9876624651452997,0.05035195436830674,0.8301890738470623,0.9003088516173393
3.1249423827734404,0.3464928613130488,0.12386977486422102,0.32757568228575806,2.443357818822946,0.5917597934535248,0.14797562372928966,0.7092380552871438,0.02633687078446023
3.922709426758441,0.4115760021940599,0.7936821505599726,0.6785541784946565,1.8886542753444098,0.8416478295885794,0.13945823341078442,0.8701623907778442,0.5925893178982726
0.6293975452041098,0.3727023413067342,0.04869847231385127,0.874258328916464,2.1882640716687103,0.7706065570493585,0.11832089558522767,0.8894554466250483,0.46656313187573195
3.0880101396677846,0.8008715921066321,0.048963709823279244,1.8762812035303886,2.054744433438114,0.8865002436998586,0.010630017491552277,0.7315832039523574,0.45526052241309733
2.87050589777539,0.029607289128613212,0.4013555575533879,7.165079051069575,2.179032022139647,0.3901266906884779,0.12938935814846778,0.6566141405342815,0.23408652276124742
3.486706349004208,0.29894365111890553,0.590320250883149,3.1755205419826726,1.1870626268876676,0.9092460497374955,0.03626311547152879,0.5381652160560934,0.6289709815880791
1.6967442849098113,0.7176391476415676,0.8074316059762817,7.989946960534119,1.2409051425279123,0.5263535609050258,0.02915497892414768,0.758692368330365,0.7436169039296128
3.99153013042021,0.7008810101206585,0.5952128404133717,3.138952743374352,2.788246900713887,0.5975332769042796,0.02881136786382861,0.6644203084396101,0.7635821480036437
0.7350833409671842,0.20197903768878156,0.017668780999912204,3.6262393320013073,2.086350662379493,0.47463396990312623,0.06885344801073878,0.9316441727800591,0.5342212214689914
3.1318709255122044,0.5408566369449512,0.28454087511182524,7.175974390183962,1.0877427922016487,0.46027418441334167,0.1372690740192128,0.7382939248782825,0.6597237025001849
3.0981128229629182,0.5907447941637661,0.6534392090094951,2.3950663321186045,1.1034301540666573,0.4579938777349322,0.031761818971679144,0.8934414643808632,0.9044404946032878
1.4913642663753992,0.5614893944143846,0.7919744251413741,6.2705928750057085,1.5959656464604821,0.5810058468693806,0.14925824485090347,0.8035688646405608,0.5784075911480909
3.3512345509125896,0.9025539692192319,0.7875898362293392,1.4814347596285407,1.9054268343439305,0.2815153258516359,0.10140909771895976,0.929907242684515,0.5811026071046024
2.29456222505039,0.4329724928677672,0.03584275141816318,7.678196178633763,0.757506710325397,0.23286327464387757,0.044449325610691384,0.5294886952632721,0.5583531092181959
2.0929124484411683,0.5160878012571124,0.3125699490285839,0.40768386059908845,0.7790009206230668,0.5076035023919425,0.018473983115715055,0.814185376524461,0.8889317467910199
1.2245718953368419,0.3020715687836385,0.3941257771780975,3.332877064553183,0.5041517691870013,0.28965629679895805,0.13078703892372293,0.5005548781303587,0.11942461484572409
2.2785857453450626,0.4895020065072081,0.3330941610106378,3.450616161171597,2.451452843816461,0.8729629649719652,0.046448796078135006,0.6451206984354784,0.7577966318631302
1.3486899855991645,0.47986340055106513,0.6832583576588129,1.8260230037073644,1.3268393551371667,0.9443076940713204,0.01679970057857413,0.7073463223578048,0.83446329976198
2.9904531455887224,0.15045401155747407,0.047374020005481854,1.105642973108246,2.7970579838267073,0.20740782545689873,0.036365076473589254,0.5140775808057401,0.17908625509328857
0.8872031364677114,0.6201492866282963,0.24163890873908578,4.553696403445414,1.9754884569153153,0.8795482664718233,0.010663795007662348,0.884016256704065,0.8651650344487466
2.666916802494409,0.1627434861049576,0.772937388135284,6.843932334324686,1.1356587093853934,0.9350349447221447,0.07362404024181209,0.7715410044499946,0.5826684998167533
3.9462733676617527,0.36153607863919934,0.8131593458201128,2.547192942627677,2.4980338056037272,0.680587135090114,0.040289797331556194,0.6863117422051563,0.6563472393188514
1.6117247202724658,0.07810839308036388,0.029834770099697483,2.7718292432574474,0.5475853695437165,0.33239020606542,0.11152566491912161,0.8186410560576145,0.3641947330910561
3.0850313526008395,0.31715317112997876,0.8900194571176955,4.750644384227581,0.8150658543665663,0.3149749291644273,0.1070333597701582,0.5778247713989351,0.3805525578859984
2.275524455537152,0.9917744759287107,0.004007604733339498,0.13263841518045538,2.9827114548262665,0.6677110673073324,0.027767396572591835,0.9037859898893421,0.3761859155663364
3.5813310504469227,0.5362004131113752,0.6217920298607565,2.1854975320070107,0.6262992409300129,0.6756540871126915,0.05126572704838682,0.7986294709971584,0.8782929402872514
3.4268581189491045,0.018160543914364058,0.5957137746857274,1.850244317494818,2.6847212447595035,0.4029316052494628,0.09550781865295854,0.7490933780403252,0.3447358882424073
1.886582750207371,0.6776207635997941,0.7257696347154339,4.5355023625550945,2.3960555929618854,0.9867336607943502,0.06869813430611271,0.7315623733484888,0.6940734065447354
0.5436445727942463,0.7960285563103784,0.5202300670459938,3.2636914428845216,0.7351799077234895,0.9117251373403179,0.06530101360567789,0.8071617191941491,0.7499934558518778
1.0228095472885277,0.9615496295410325,0.1784417618218309,1.596335943195923,2.6474571513942844,0.930066195313545,0.0397006370532622,0.7114103996786725,0.3340123030595781
3.0672321659699042,0.8783657338108016,0.3790526950373052,4.136155894795434,2.3542910262993373,0.7849087813222364,0.11961441820365187,0.7564702183886869,0.4354477942866797
0.8661528388167132,0.90397329087804,0.8655725393210282,6.384779486546664,0.7496561929018237,0.36351789366514337,0.11410405111507126,0.5104130425618759,0.23599572999447183
3.9272862179754786,0.3771446803556807,0.7193125336908236,7.100568707904347,1.4865747203752058,0.45530599087973284,0.09522375804575453,0.7614452181866228,0.7587022979995881
1.93198992168679,0.6017747558677085,0.9353813695664948,3.741122053012772,0.9918554518765783,0.5017647863064032,0.0651749775630366,0.558998911861799,0.4365294318259032
1.070050251940942,0.6845620733936773,0.3394777542089027,7.639187134846461,1.1089918633965186,0.27913960408385785,0.11549063882003609,0.8964662233630415,0.804426039155318
1.4733967490502076,0.20208810164547797,0.18576613487108717,4.176098410932099,1.6710416031169273,0.4075518718836274,0.016324236378519694,0.7166711031468262,0.6372131947760513
3.8576632167246294,0.6525192007526632,0.4955065566286184,0.8855365922369289,1.1310907263739682,0.4358191596596342,0.11707249736501278,0.8945198587690786,0.7852161357239282
3.6557464874825345,0.9845686082507541,0.9823666831045325,7.623993062143851,0.679555351257211,0.3102348287422442,0.052625313706644604,0.7488042143290077,0.48277311313455085
0.8394226104691775,0.8457969578021425,0.6167561790773091,4.33891521841764,0.9132783084182279,0.40260437952015793,0.032443683497516126,0.8833699210076593,0.8131765132845558
2.5447975102142637,0.7351294275196334,0.29603286291002573,2.9700210967062173,1.5121374110663344,0.8080119773952279,0.11812941827443951,0.5930660873813143,0.21615661925817764
3.7953859985833467,0.1206553374436864,0.8961220824236303,0.8031651651984744,1.1613495278782777,0.8771828288543657,0.03512889012845224,0.6861055690894864,0.35360169160536226
2.0745075498044416,0.24525897302320965,0.7102452013359866,6.810677195217631,2.6864378496389296,0.4714577165892488,0.08431905520029401,0.6117828817395432,0.44108759159510025
1.356787755425509,0.16125406285192412,0.9400190108075147,7.103910628844639,2.4433967833192307,0.6141292170301833,0.07868510817166205,0.7383855497821241,0.29664573522273274
2.3779880475198123,0.43456308469769034,0.13175483289206746,1.0053108229482879,2.8806242896142082,0.5856246076690805,0.14344877348672644,0.5736095949695494,0.0
2.4404579321397675,0.20771725335153923,0.25318460612660154,0.24043663008943028,0.7973832768505282,0.9334787261033566,0.055014618807526436,0.7736581453615662,0.6947612763187856
2.1275494619624555,0.4004512452452783,0.5318860913460681,1.4979115569227321,2.9715097462989415,0.8546462949630904,0.11382604858241213,0.7109416836562785,0.6660785025911253
1.035069927442176,0.9206658582735678,0.34138706738172764,0.40085351757547016,1.3560091920265718,0.8355656243967076,0.09717922429834913,0.8378773631351868,0.5365956760328647
3.277723843518321,0.2119546110805426,0.9237833160931802,3.5039168233629807,2.097534123160411,0.20184701806939362,0.1490715897775649,0.6264033736838698,0.0
0.7172208728905434,0.45826204153651395,0.12903005718204175,1.2186136812606057,2.0807070325755257,0.5143419132561866,0.1390593430216993,0.6436204225736315,0.0
3.041630449343654,0.4610994301549076,0.6599513011292788,4.797562853727923,1.6819599318974956,0.9600488756995498,0.057979909985693814,0.5797559755621726,0.6858125134212186
2.873329213079399,0.8460075613079088,0.04025373993992376,3.5970615073814445,2.7312192242183158,0.7996948951382941,0.14885308030966796,0.7391362152187597,0.0
2.8099850158040294,0.30248028113792813,0.9475355996659923,2.9306839084522904,2.3462767817165715,0.5225121632952656,0.0886546502088199,0.8239021407596958,0.48229880954041326
2.28126953112974,0.9070863269095085,0.41930098792781023,5.176574385146601,1.3559060832501353,0.5265253345848104,0.07160701515269732,0.5566131582405284,0.42830464742441543
0.8210328767065234,0.6674899231467579,0.6555177383430523,5.303277713680762,0.5494161133567292,0.46123747413742394,0.03769337861628757,0.8501681401448056,0.8544998638043877
3.5122064048864554,0.24668037722614733,0.6678491588479863,1.0349024276661956,1.1878813140042834,0.31092359698673566,0.04969290732389209,0.803631446307175,0.7986896410445048
3.6861441856483834,0.20252240792418597,0.5420790349507192,5.611128809947458,2.8823061712139144,0.6880483863097391,0.045714970343833296,0.7814651706112713,0.7640347829193777
1.6217190658730565,0.9761283906917078,0.39967613516363687,5.483421766088114,0.5580689558668962,0.5200491569078043,0.1325150658651516,0.7746023499949606,0.4572659722705119
2.0538001023859174,0.9359374994357259,0.8539843761472291,2.577725390583506,1.861371005103349,0.5918594048739703,0.09850835001608071,0.65035007013144,0.13742328733241516
1.3547175026806089,0.9126718352555361,0.9238744994985063,6.746583086095832,2.9455110769114032,0.7959932206237508,0.11705341199867994,0.8431655413831882,0.1979579907141984
2.182126708298073,0.45645219451427166,0.24022627614900316,5.158553554874324,1.2233003402558364,0.40624672776188353,0.09203459237344765,0.6844920747012694,0.6433893519341473
1.2659981307812127,0.8160560167528311,0.860569919294376,1.3415961574222477,0.5187675819999997,0.468903974823499,0.12165151699530534,0.877628239805446,0.5471029221135308
0.9841517454061723,0.7743359011830512,0.11570416730942945,3.1205007212522338,2.9965237875297897,0.35407265858472786,0.031554901560867696,0.6902601496460571,0.411047607493485
2.668839840894515,0.9329007824132532,0.9808211455330342,0.5571250927311571,0.8449937933697633,0.8325903791167952,0.04788850131792046,0.8981820767778622,0.4285761890053429
2.822086400301804,0.11184480238067718,0.8325292849240071,1.4108510400646068,1.5587384866991345,0.641747942847464,0.08010726087123894,0.8087733120268177,0.49013772575851344
2.784403572042393,0.9920420055280549,0.9994219092241878,4.1316752210851275,0.7379977174021599,0.7822746391749746,0.14673297095032248,0.6432468744330592,0.0
2.114231100431508,0.4247769248154559,0.05141915455692936,5.3781154497875585,1.3833442376711695,0.8299710997052019,0.12649681053947803,0.8695538539690304,0.5629398797379075
1.9583309931395805,0.3215456822408995,0.7488207796670548,6.411115470741784,1.7281436159784154,0.9144248156290424,0.03014721745099816,0.895580950846532,0.8493742790777433
0.8363333154015844,0.1535255220546139,0.5338400132739604,0.5401478414993202,0.6320177535002759,0.20041499533256443,0.07108433235719683,0.8485807465815034,0.7768713473658351
0.6219342259797048,0.6522576064658554,0.8231273174161865,1.344006788622969,0.8671593370535107,0.888640778896429,0.12523744539301326,0.7425237948188841,0.43902342513599313
3.367199577528931,0.09275607742449477,0.3944815179387544,5.902380448850983,1.1436298983099085,0.8018631315468423,0.08058500461471393,0.8376196945767048,0.6765562883391025
2.126378732500654,0.3679043402218176,0.21918921647863232,1.6670347314801202,2.37872702642849,0.29512827842716843,0.02203752901553232,0.5793311142599585,0.5782375161379455
1.1137127900887265,0.8231076228068998,0.3985066234742124,7.923107658883859,0.843028144476531,0.7228318605549147,0.07282213100817507,0.6768131795136832,0.6297814225644472
3.562794696689288,0.9755956458283996,0.8728589587741787,1.5384054322810643,1.0519948030223352,0.7248591032760507,0.05047170142934684,0.8306263088512609,0.4465930953063936
2.4824722778337565,0.5509087684904029,0.8285469248387858,5.6842621739414225,0.5664444124932293,0.23956730971681256,0.09421818334384219,0.718786434030024,0.6950873572816956
1.41064629370047,0.41865608731480164,0.7579103187328605,6.61289187726344,1.9030576697251105,0.5082955846856825,0.04789754660931498,0.734863311846164,0.7771743260396264
1.6016236649753335,0.5640951370472229,0.6766523825096377,0.5286336873551587,0.5026686625568682,0.3698217110725944,0.13523160968062933,0.7908308434528516,0.5582262115259793
1.10186123177958,0.8902639618236188,0.46995594028734,3.8087340534292853,2.838854859606638,0.24758935374667201,0.04012495844802059,0.763597096319625,0.6451352996663932
1.1842027835370144,0.6795270092089578,0.2140922893367202,0.7932557647905147,1.0174628991020993,0.5381872274176498,0.03465936188423118,0.5606114112155063,0.5398256345493014
3.510986601766293,0.32039720359730783,0.3607586865182536,0.4421632760098211,1.3934240587551354,0.41184574185726375,0.09546790942785038,0.592425633952583,0.4940609431320909
3.6092790857199417,0.9296666209195551,0.0998310571767902,0.8592236503086177,0.7883160952774699,0.6956554050482496,0.027075654989347206,0.8835720430686198,0.6181065680281257
3.1399503022826236,0.8198088582380241,0.5260605268860209,7.973417692153228,0.6104377573604032,0.5210119713488908,0.05535113365126906,0.9268904744206885,0.8532552119363555
2.519013354741575,0.8061909654447252,0.17034119365851885,7.829073151203511,1.746598867190788,0.5949376610165167,0.14592386199640328,0.6713295625477153,0.0696314127181803
1.8913375859424753,0.5847527028049366,0.12805261054778694,2.568685011294839,0.9830208061128263,0.2826267832856397,0.1312602448863428,0.7651990247573641,0.4775459015691058
1.7553547703476893,0.4086693773667128,0.43151900368735463,5.065193457157675,2.816923478722483,0.9462236957255861,0.06480887713429287,0.6481681068189963,0.7569150898689705
2.078662750648393,0.5679342304284926,0.46181791144974826,5.2700272785336075,1.885997558449409,0.4565724373552609,0.05840231280676856,0.6703667544018789,0.8035853763654033
0.8312391888728604,0.16606263241397312,0.7231138021453861,3.1127736921766402,1.0363474314003591,0.6501379284598858,0.1157755359462798,0.6158400630554172,0.11729591717133614
3.3937645867331057,0.9275048596250496,0.5973945290738407,5.351581271932637,0.6314399758076384,0.9564159128175251,0.06494786279709212,0.9157551802454433,0.7532072178272966
2.526421336625849,0.0046187988433276095,0.038541999323435716,5.443350445359376,1.9066700345798329,0.2212259497648595,0.11408439457113394,0.8834654016811317,0.2805028950261882
2.237461188537579,0.46575744035725497,0.0054731088346274825,6.293197699948794,1.3267901668652635,0.9030108958260317,0.062228482258127424,0.7542850597838175,0.509402199895023
1.4461962586976465,0.16058831258491868,0.774907903381328,3.972723830770253,1.841219809380627,0.9723327627853884,0.1449011877111015,0.8850389547660815,0.4852579120104299
1.1566325246776175,0.5942726943015799,0.8781474246555374,2.9957114915915017,0.7527654148389624,0.8487703217919376,0.07744689719070402,0.7539767061616303,0.5999287043614753
3.937505037112455,0.6072114304940721,0.4249793856661014,2.9598749427775823,1.544048231635114,0.294719266542935,0.12126507817846004,0.8769725861841684,0.7642912580606022
1.4953899710069312,0.3037966184099441,0.8743342563348132,0.19176284422364365,1.8011436094180693,0.5709405717452009,0.10661774774098436,0.5735262650672545,0.004163717525711097
2.839157592783038,0.37673400787487643,0.618714778169642,0.3207600789822074,1.6543179929612735,0.6178007151858977,0.04000569639969812,0.5628306443806044,0.695444979521848
1.159660060543055,0.34414107806334804,0.09681014930497145,7.578558365836836,1.5124851537395432,0.8471756820053993,0.14641839723523853,0.5363308760012326,0.0
2.780843137772479,0.871409086741214,0.6342344339667283,3.4322089708593015,1.5776908940948458,0.22871910880588714,0.08484410518049854,0.9470943485540813,0.7492121253346944
3.8554763409017694,0.04039922884216318,0.7057970036294882,2.4141189335754465,2.7574728835153417,0.23609179656742285,0.1410223742815513,0.8768640847044995,0.28661298342317487
0.9112653378841054,0.05982433731729919,0.8347076643269359,1.246061367796635,1.8372453824396762,0.9325958863029677,0.08944273589690525,0.6787549856627708,0.09830665285358986
2.0575561919889727,0.06311717070387102,0.9687523213615988,2.4852334806486622,0.9734087291821345,0.42883784147231624,0.14501224728480705,0.5424287240696032,0.0
3.5355606417541345,0.7078438944014478,0.8300191791590281,7.807180322943171,2.60538663879218,0.9547058810222824,0.027770935950728763,0.8581048543251365,0.7607260487068549
2.409864929283667,0.5434955950798607,0.8989215763205136,7.77443054917369,2.2620958076079525,0.5863507115774271,0.07389654010625833,0.6738536557504318,0.48724314383585376
1.7655966035043194,0.3915068416844314,0.08975323525119527,0.6194886820835057,2.4496746096807795,0.5568583143361809,0.14029582839624685,0.7754994538672786,0.20133578683396824
0.6231159376454691,0.15752334131747947,0.20581979301300757,7.8058881951172845,1.0467605653790872,0.612604541030441,0.14106477042962745,0.9397367284614608,0.5747316634209253
1.327261523842406,0.04911764375004013,0.1536018325377585,0.5066278296204647,0.987810602730841,0.6548557717629884,0.13774283148138985,0.741748497662453,0.04340546040715654
2.690963448446783,0.2018672516095411,0.8005836206738501,4.942311268044666,2.660342072981812,0.9590744856046274,0.058706108605922916,0.5407605763409477,0.09578264435907025
1.2907513527087386,0.4378415656758372,0.9456936518244733,3.026478578987322,2.426933034163425,0.6323813537366041,0.03559322786033672,0.6443303535290532,0.48914849027591123
2.786171597579865,0.6728533946848935,0.43475974680904617,1.8291648212969172,2.304766948781691,0.33509843329017186,0.14113375686111773,0.5845566105664145,0.09801622467066184
0.8755932699138216,0.4976477023653788,0.519549598109694,4.065543318225958,1.5916687233470987,0.9958519142636868,0.07807928577388144,0.715075961332924,0.8068037362459974
1.9761812195009645,0.0668257547014629,0.592956631149616,1.8237421777854594,2.094022450572625,0.24066676955878175,0.14739419417542024,0.7110522855557024,0.0
3.6386438005674444,0.4755611732329348,0.060330818574221734,6.577708368750455,2.120459324167836,0.8254056380591561,0.06994378089124226,0.7870715349109902,0.5707108910085081
3.4968015132881263,0.6310654428718875,0.3476736348359033,5.300236754929599,2.1796354715351685,0.9684695700053001,0.061927725015833684,0.6912867953813591,0.7774718054713307
3.342430364154707,0.5057623147427412,0.736573093115733,3.6776757156287365,1.0387378545317512,0.7961630742248087,0.02836172368585939,0.5893626485890886,0.7156631469647994
2.69388743974473,0.7472698001920698,0.894687886867815,2.1806919793271335,0.7768106465013859,0.9648373276181033,0.03161923232309994,0.5889501420145877,0.40152666314236796
1.5196530874546301,0.5293913540262875,0.882825566034078,6.0843681818389355,2.270393884606588,0.34014445428480294,0.06007556841363639,0.715282216739005,0.6046734403261352
1.0159908371995505,0.2734297021266725,0.30833320395284425,1.018209586632314,1.875599229770644,0.7640225572193544,0.01979042840676057,0.7165053957934173,0.7237493070461385
3.2377391834372826,0.7479901289524469,0.8150730962187541,3.5859250653648562,2.5513927065996516,0.3926024569714156,0.060513478598452144,0.5793600093880106,0.32465784440043977
2.1361958880000014,0.39206002241544324,0.2409271164143122,6.014245673846252,1.2846169302791164,0.4182434641166686,0.028324646319069308,0.6974697658108768,0.7633974298558612
1.560376200930557,0.3692728413409686,0.23599726262055265,6.105243918559204,2.8250083683867935,0.5983454822311101,0.10001977926771655,0.8902275244730177,0.7526448114431765
3.995903730667805,0.6135164847298321,0.8897794665398687,7.268865972445136,2.4786287195190555,0.5687451128584882,0.0213615600593459,0.5071124999480602,0.47353195277655447
2.170202216490236,0.49431453353461774,0.4073623878629723,4.545338810330916,1.8804067582610677,0.8692904328261544,0.025211994456716735,0.6013299497474954,0.790528926235016
3.2755174263587064,0.8478368672236546,0.9948242136208678,6.983296131096673,2.724747517680828,0.4514783541039239,0.06623262876131268,0.6206382971692479,0.23744618716678578
2.6220478936745044,0.9388053542070384,0.34464088651161773,4.456014255051602,1.2407490761337128,0.335839979018166,0.03732597417461179,0.5260754050421584,0.4665262306152874
3.822527330532401,0.4028796085076296,0.8341208920021081,5.450635781517529,0.9798029035277135,0.34036979726327027,0.12367834821147626,0.6191202697787918,0.39505834265566764
3.6964981429569153,0.14005540468949063,0.6777086144544695,6.515791008247471,1.0881409710391126,0.42096589076525287,0.14503264405948824,0.6190689224057713,0.1998720176214086
2.0048496746501674,0.4325155932423661,0.25303474992968356,6.206328691496724,2.429623358072888,0.5026544113790286,0.1269176107513027,0.5958837204795511,0.28390095644771385
0.5150702148368753,0.571167362055741,0.9940777724523785,0.30915447861507683,1.0199951842711514,0.6151317139896674,0.12339170310228187,0.5400689022837739,0.0
1.88332128815613,0.7470758006298863,0.37154320840636157,1.5106913638051118,0.9887395684914684,0.5280390295319954,0.07711839047282475,0.8878164880172063,0.8187328297079108
2.7478834649879773,0.6904019545155015,0.982987171535907,3.29474752240779,1.5083860081228209,0.9386775741806499,0.04442258218070821,0.82841686083629,0.5524233632546792
3.1410059837634714,0.09778799744544309,0.468231405693584,1.6044997705724322,0.9634381820062141,0.571062488370301,0.05052015905112909,0.8582272014316419,0.7540650681628545
3.6766171198666884,0.8027206052883656,0.26603087262166525,2.193075149508867,1.1368208752936686,0.30803047684498885,0.14213177153451956,0.6809215091706812,0.17523780919427212
1.286413160910558,0.8466710505082435,0.39919530265779046,0.28093448887733263,0.904853925624078,0.711400272284936,0.11960673838404133,0.5949204748199208,0.1135187916956013
3.7108845624314974,0.8509971200521644,0.8483807540610809,1.821289174393713,0.6263399716251443,0.893938831586067,0.05281203202339943,0.7785123715280866,0.5900460905665159
3.1598840929525553,0.12829325851112017,0.7808383545190479,7.508091671688526,2.3209374143660226,0.5529781987844464,0.1327349394252384,0.7373559335326515,0.2502395242662637
3.1066982473586395,0.8205059438586041,0.749352861699006,2.3028390083852317,0.7946097522645776,0.3906708234896481,0.08040249117724944,0.7273746150318932,0.629355291804196
2.5392552226008815,0.39510183754789086,0.7868913814500277,7.305230002777662,1.1168126336986781,0.7892185741615105,0.10491605935630624,0.7353907246756917,0.6690900717548187
1.1598558185595609,0.7952322585827095,0.9606262856288327,5.7746906578689075,2.7946499915643352,0.9873482119583998,0.05928709439349334,0.7872005988168516,0.37273988058638974
2.158764581733273,0.9866287468632301,0.09380782400772492,3.298999314377797,2.6888476113180904,0.42724104842121235,0.12029099908944217,0.6722524232511151,0.0
3.929924889615554,0.8835298364237075,0.30132035766261533,6.161544908302841,1.3421413595831717,0.6850902721724281,0.10218730757506087,0.8733179340885672,0.6628859880776614
0.585577943087052,0.22015789115229967,0.7119178105885787,4.508185895756299,1.7390126955028578,0.24416796536638438,0.05875862368460387,0.8892951043597916,0.7709424444655982
0.6081249296261126,0.3964362353648121,0.9451482876707726,0.407045876360117,2.374264377611592,0.4060900929456292,0.13132523650151412,0.8357305905317143,0.2699178566054026
3.59996809800427,0.215924790431266,0.5312927548186049,6.234159548598406,1.1142493574874526,0.3845970442137736,0.013805498689661903,0.9313318822889536,0.8934008287342898
2.985059080191182,0.6355603540101848,0.7439947226949909,4.252903349563515,1.6903345527260258,0.5596257928988166,0.09966148969450976,0.5906907389265724,0.4491528136665697
3.608205432552044,0.8117523712192651,0.34956361145203385,4.628874374500195,0.8525682498750365,0.9778769983468785,0.1364049762682397,0.9148538779246402,0.7182679462904961
1.6625706669620808,0.16913470738285574,0.21177216346631034,0.7200111283607189,0.8002765752534609,0.25704362734787634,0.14857522968868228,0.5333259575160831,0.0
0.9638972833299477,0.8272545955907364,0.5802402167429431,6.195337636554659,2.0772800194316376,0.9057400562631586,0.09938545388706367,0.7349562918064179,0.5914624430688455
2.994623928164549,0.44739275179210947,0.3460638229047347,3.7412196196017,0.9242852627464017,0.8372573838421531,0.04649852938703224,0.5690891958516714,0.7155346888693421
1.3622328462412938,0.8420701517722398,0.33020129559773137,5.4883989560472015,2.641024076639348,0.2621957335400337,0.117103416724926,0.6384494598705635,0.19094510566865386
1.2581782746441494,0.6889014524529722,0.9097966227332338,2.360153669699163,1.9220845134607976,0.43186729107959326,0.0875999820016999,0.7798379137944532,0.5019408731213701
2.6361738607656293,0.6235463696427459,0.1350797922175241,5.548323756693756,2.1868758909505583,0.7460704977735066,0.020369877383418885,0.7010774790863686,0.638597327593752
1.931622962160054,0.08671148364319914,0.2223679278968107,3.527701054384294,2.3572657746452057,0.38964966158773057,0.1261649874174876,0.7456092285827585,0.15560958321116736
3.1614758981461613,0.4725559833368571,0.49919422542222336,4.957755115037122,2.8199265204145605,0.593450065130328,0.08401205533516072,0.7708986335873882,0.8450115645069816
3.0813029805420404,0.07185033548623432,0.5156874385219721,3.852732713648348,2.804212460593926,0.5948052643490729,0.07556487485720632,0.9329899948406158,0.7370564330707858
2.077017622603085,0.18088443032209034,0.21691612280578831,0.761500306695793,0.5014203231473611,0.5455565288003856,0.11769396138175098,0.8300598992599262,0.5663163608784785
0.6125218073099756,0.5699829035940329,0.154283125413476,7.528610278117578,0.9184124991104482,0.7013113741579853,0.05567337070296795,0.7887025966839585,0.7296505983068009
1.942905087624263,0.7596430523063947,0.23067912532785784,7.246334823314081,1.7505241232833804,0.8048745181702823,0.12896222679617178,0.9494728749296621,0.7007254804496814
1.2838098295788538,0.28689241356345485,0.25043308673188824,2.102970657278261,1.9561118538484434,0.9948180185166744,0.14863893219298563,0.7370479541130385,0.32678130442691133
2.7365952359263583,0.859970543701606,0.9329334584535052,1.6308850186363513,1.8213543223561321,0.8662696437292099,0.05244829072884283,0.69791406911621,0.28125269592548785
3.949673855292028,0.985046696720871,0.9061068107651816,6.387586758624461,1.1728262518070145,0.45668005925375,0.08661959776868244,0.7523498185529054,0.36014037839616775
2.269259867749734,0.6366702799163061,0.4083230226329888,5.9933932585242635,1.3338748161958884,0.4645415975570821,0.027811634664855915,0.5849204945130136,0.7580865939730821
3.476823076224752,0.44628233858044153,0.2278677865528338,6.074728800179099,1.8849528145421486,0.2169248091386348,0.05429060402714012,0.5796506350046035,0.5857749231315265
2.795555013439942,0.27503104063025285,0.06494677920994363,0.4394799135813541,1.9543182448967873,0.2173787645632717,0.1288308958390524,0.5699287036657741,0.0
2.6229821731840044,0.4446880280107457,0.4428515212319025,0.5743771388803669,2.506880625530539,0.9144419878026022,0.011542333433791985,0.5803718790637029,0.7931287005212417
3.663664660784176,0.5494936128000582,0.15003957824821013,1.6223236208732708,2.149965610592785,0.7798534577974985,0.09391975320119092,0.9289167709606365,0.78024197662325
2.2292226128162196,0.3002719121425267,0.4772329099757965,2.8773303493328877,1.0610397316867157,0.23677059947211207,0.05930974909911738,0.820134206469384,0.8465515343268001
0.5645323100631783,0.4391785132059347,0.6440094014498684,4.883232873394458,2.4416210897217896,0.8484157725278381,0.10963881492871429,0.5462589632651372,0.310043247739313
2.1625785540152624,0.6034059574876086,0.2455660388094516,0.3404145411742121,1.0589758021901172,0.5639155213861111,0.06795024466764411,0.5795001415972227,0.5521413766591627
3.385454399392225,0.9256866687367246,0.20134831905271522,7.436583324537773,0.5446523979379521,0.9399699781655564,0.1432700306113271,0.5054233383571664,0.0
3.1705675387186183,0.9702015725698434,0.9059022188177783,7.765681289569704,1.8758087642440984,0.2625249119083106,0.12897048769270505,0.7762227151140552,0.26804300234100176
2.6515786046590115,0.4172536098586862,0.5718419765211091,1.2286382326889163,2.3494250664153755,0.2600138458812339,0.11216930738613087,0.8820402901811843,0.7435420718287857
2.1536403714757086,0.5098303660570493,0.31221427292207826,7.755668669804701,2.3328111863988634,0.495190842640276,0.03447303407262071,0.5988108164909411,0.731880842744171
2.1237280013851754,0.9425684003143379,0.7341463457609181,1.7219499854331985,2.648902833547245,0.5025604184077449,0.1292411055853526,0.6087648190915089,0.0
2.6653121417771115,0.9266704880812819,0.25789400914779415,5.543412724686839,2.9682815498928594,0.32047862979440284,0.022376320698094414,0.8033878366001672,0.6312225496029595
1.6890758171216063,0.07124447736659112,0.47530561788360415,6.030165437151646,1.212806001037972,0.4680375020041078,0.12839791609057608,0.7340323605176696,0.42663902068766224
3.449561890822652,0.4463894921437095,0.9529751615601034,5.206356717741894,0.7897471632981236,0.9080743905814406,0.07849712671631168,0.5637375355878073,0.3639392554887033
1.0344154684449725,0.6875339351098718,0.04737250672948978,2.292750119310506,0.8494689761746703,0.5528619436938274,0.06800952807921057,0.7348443956099852,0.4932814209968235
1.4787271518588558,0.032043589378177195,0.6143861065351858,2.989744023058811,2.128337496850116,0.2869335766434148,0.011928829741167046,0.6117324115483818,0.5183728624680513
2.0979156304791826,0.3940719741684673,0.8103025552734664,3.0227011535425916,1.8261029490076972,0.6748124739537538,0.013056394830413624,0.7318100195807851,0.7593110787968707
1.7069094078959326,0.4212801276832546,0.10028739849525026,6.262564525189162,2.8560106270213064,0.21781505650368002,0.09419218679358869,0.8437298302797611,0.591077939214719
1.496826560274613,0.7875555848632168,0.6323550507663013,7.43330105816856,2.952512028384432,0.23387689119896385,0.07229128654378086,0.7461445044101982,0.6679036104453507
1.0136013162267836,0.3362858304273617,0.9876474477564617,0.12984365073977155,1.6312698288109602,0.874123697374557,0.055346176780700376,0.715909326239819,0.43748367891735973
3.92316011025793,0.4748768364757039,0.13092131214649905,0.4137719333311285,2.863541431099871,0.41264753062005255,0.08056894691903711,0.5408157947404859,0.18423735938754127
1.9827929219271176,0.9301055192501241,0.5024129936309384,7.769081214418623,1.1470890930934992,0.6036361917631498,0.13033431085330552,0.7017135595491847,0.4185458546970119
1.4782058074956637,0.8554753634178817,0.389889468872609,4.245786328481873,2.941317666037864,0.3491866358046911,0.05219608914082599,0.5139813200314279,0.33517621682220755
1.8714319846851846,0.20018343058485955,0.6800349354078914,1.450571670126819,2.1870318810146743,0.4107803425514542,0.05973049677696796,0.6569872934208789,0.5298095222565198
3.0086311255726326,0.46650926313834307,0.36129889885268307,6.820981752315599,1.9298765641030067,0.37106465702239827,0.13601277894011557,0.6541926332151382,0.5278459237600595
0.6364278213806214,0.4946002239744529,0.1239380544408778,1.9077315497259404,2.3677771817185276,0.3046014507010549,0.12297219140956497,0.9216082796589291,0.5541250264019041
2.6228623514278064,0.7103591920228293,0.7135866099074174,7.942463658163559,1.3538456555040572,0.330285240994162,0.082683412888005,0.7399624144242687,0.7364031335208104
1.1226937090365057,0.6131094189941395,0.01412473347682397,7.421347219633772,1.161435694553154,0.23164816671215346,0.025154921806479984,0.6081120267258388,0.5763438565618311
1.4586715901211582,0.03280999949772867,0.27935481219372915,1.543533891947857,1.4465523185862965,0.5081341898847753,0.057461083684403065,0.6475657475888168,0.3772715037323888
0.8140594720943792,0.02520494712616217,0.2021143001564666,6.053195419332923,2.977024413877805,0.9428209400458634,0.0805907097752876,0.7393207351000703,0.16592564551671618
1.601035491625449,0.7739394386376562,0.7647566879326486,6.7541788606595565,2.738761442992211,0.5474793985802366,0.11736257953500764,0.8628794279581453,0.6209888524681703
1.5796086787421255,0.92924224400615,0.09434150263965546,7.954153433306263,2.4252267953971733,0.2746167242594618,0.10187215073470007,0.5153807349177171,0.13881526815337053
3.19565432305464,0.7992229216590553,0.6024102530914477,6.854883135332564,0.7447082005371493,0.4207390736326506,0.06798485302297387,0.5191060787726443,0.5015933063404164
2.0687563064990817,0.26521345611256597,0.392735012101753,3.4008210559384517,2.698529333719213,0.41627277642211125,0.1351240380202781,0.6916869341657821,0.3646533290270648
1.647327022428951,0.502512049335146,0.41774328636283964,2.0589785044411686,1.7566983119901673,0.321441386463065,0.05927019202321525,0.7546055987183407,0.8365970314677427
1.946928855364505,0.8239123610507965,0.25672176153516624,7.7581726306480805,2.461805052128378,0.9740744207979779,0.12733911767624256,0.5639467666332392,0.0
2.3426103172225483,0.16997852119578571,0.8182273526272573,4.673297193466367,1.1586232858922645,0.9436791776057372,0.026126047463996493,0.7537380815620913,0.6204275983895007
3.023641941333539,0.05884853733243178,0.5978560332062036,6.527209723704753,0.6688182860451335,0.6097943768853017,0.0461980049408236,0.7983160031916143,0.6767016964012467
0.9153707847759571,0.9370514306705069,0.8947285817147318,1.4877953590056734,1.3081647109127617,0.6701079797224345,0.11052872712879505,0.6991952068221161,0.12226472367282915
1.0470196268634127,0.10415149380287159,0.9997653369143439,3.642816971547898,2.6813293728712453,0.5859008037032916,0.13913006939644046,0.5394917222471978,0.0
0.8990671696709284,0.9296321877242243,0.9474930450447849,2.5177395797229067,1.3879122174846796,0.5619601878678064,0.0682626352094207,0.5855203471818184,0.24000698062500891
3.644313843787811,0.25330760070564373,0.7052724094776516,0.5372454218797831,0.5968783288210737,0.7229843780615366,0.05746222006025645,0.7949567267240005,0.77420646404217
0.8290742075909063,0.9498513799158633,0.7485144668930954,7.010137864206394,0.8411763851112772,0.4561287751142955,0.061568182988888165,0.7417276917470683,0.5358801851072872
1.53903969927595,0.06063074218940512,0.3688783807374707,2.036394517018257,1.4648032286580372,0.357567634096021,0.04666549243906296,0.7821285531945209,0.6093300680798357
1.8585384210232276,0.34538339316949207,0.5339056327223729,6.174884326751406,1.4471698908698931,0.6700155940446725,0.14526836755154468,0.7348910513531228,0.6291563219475533
3.6842915178114057,0.7936726242564269,0.05871868165014971,3.432790971754055,2.24579601967147,0.9893695299585599,0.07417268076261174,0.5417534543570327,0.01988410646930494
2.4670321114950373,0.1265637921239603,0.7515195602793934,4.061415979694223,2.308578420943216,0.895489461502819,0.09805272240278878,0.7755976981639316,0.46163800359314733
3.1409960340387095,0.8424550014526674,0.8690537862770027,0.29144156546306643,1.8904757419944733,0.3730154478380412,0.13044842470944967,0.7917789583415125,0.190733129862815
1.9707786766135336,0.1881042281213513,0.3390236259198265,5.630221556321796,1.010898863029097,0.2748663562706982,0.13432402615185712,0.8438946573110525,0.635900429973258
1.199282257303464,0.29231154342999166,0.9720701771308857,5.665475894072939,2.026305010534562,0.4461027883393043,0.05187752018331311,0.5177856284106037,0.26974365913664833
3.04968653415676,0.043175225056884536,0.004857337777279036,5.835960702887833,2.8721843928728132,0.8052024381818483,0.076029626687413,0.7187203623023928,0.15292084729167277
2.0264774792718687,0.32464366711033366,0.5217142141858402,3.4492076571289205,1.9954197001019367,0.9184960644008757,0.14930131842533345,0.5354344804473127,0.038254992147514044
1.8463921543146948,0.18070619576680946,0.3521204739255337,2.299784148387384,0.9363428290669707,0.8112608427370325,0.07948042399609301,0.9136605119977516,0.7963642912005172
0.6140735513645508,0.06697801313198992,0.4032735829303441,0.642218563232297,1.1568239910370837,0.988823794461299,0.039254345047845966,0.5891529836354408,0.37285012463243483
2.507742340784982,0.4979982907931567,0.5804382972028448,3.0138822256683735,2.5669058997373675,0.3108644411539703,0.06997497041780518,0.8103928317998391,0.8490194077452055
3.538827540990149,0.3695716063567577,0.5677455990937528,0.553119560058092,0.9257977202795724,0.2553105299728916,0.11190332487979306,0.6296269859249632,0.5334965873634174
3.033108515671432,0.06639827904327456,0.8625478004083255,6.684241584888733,0.7223218576257067,0.21900520516574923,0.017880433817478766,0.8841335779160302,0.6836413529318215
1.3214622116816352,0.5482733178581887,0.42624420318005674,6.3642042098288165,1.7222457536766764,0.6005286725290158,0.14847287152998634,0.5675583005371657,0.26152925063637533
3.40746378561076,0.05174974560388479,0.47764876957297075,7.090678591464188,2.163034914010303,0.7481716954929063,0.046864419515907974,0.6883586561126545,0.5079363209037575
1.7830337222466768,0.5214432101579942,0.46222793014366814,2.6151868150159148,1.2637015309279251,0.40068231332409776,0.06110661456386618,0.5674736650703273,0.7046737624688504
3.5523650570125085,0.6021193918334273,0.13378642559385545,5.550874673672011,2.619166169994933,0.3900285376418071,0.031084083207216943,0.5038777657101884,0.3968074548186621
0.6653761859976979,0.7622513483035116,0.9871863320416938,0.3590425798102128,2.370177397699732,0.2574897326727681,0.09289859548651334,0.8402338770927069,0.30015099218908214
1.7572153904370817,0.010934721110663737,0.5951893521254259,7.929957025120222,1.1440435570962393,0.3515930217497727,0.027349624985492094,0.7498650289550253,0.6276747348377449
2.587557847760957,0.7922708371704024,0.7530732736205097,7.140331958360697,2.5144317458557532,0.3978136664635556,0.08782283668260654,0.633835381592111,0.420632797488928
1.6542488284302586,0.9319443692299963,0.6818959050670735,7.796723306008847,1.5422813417968613,0.6299500586831812,0.07819615878829902,0.5482791758856771,0.30098172601241835
1.3284569808431117,0.5276363606044822,0.06737430513300624,7.451695434471114,0.809609204858427,0.3583845971335257,0.1171449713514091,0.5436205438051912,0.32029551574436277
3.650973348653933,0.7257009707225356,0.0686208571088589,5.534776490285223,2.0790713554282947,0.805879546191935,0.125947699348507,0.8232577534279197,0.3701356669432655
2.5516170334484016,0.3224633185817777,0.6972736618299291,7.655772677046236,1.9688044513221856,0.7314758947474032,0.0711979259079721,0.8402543643843834,0.8136747482152695
3.9918358731852255,0.1603893240677361,0.2024052795037623,4.315502069315116,1.7034384931541455,0.657255827605375,0.016870366681398227,0.681924405348702,0.5536990760213572
2.5404239172294627,0.5851913513049627,0.6573339617683736,5.76172823202131,2.1038680083521415,0.8321945243115481,0.09746648885584282,0.741878448141742,0.7619998335200472
2.621687501107338,0.10119336675333235,0.27315654072552,4.21919824526505,2.682468038504268,0.7432412450303945,0.02265713098606566,0.7665237276999819,0.5800324865061393
1.2760829567298464,0.7340165597887229,0.8274408525087472,4.747650180719787,1.9784065243792743,0.47087315456865125,0.07247500296258332,0.8888487592169054,0.7282866116574604
3.0316211583850476,0.5197536596958431,0.36823238624837096,0.40303790630843483,0.8575185033159628,0.35442015163149654,0.06227369605621446,0.9248646411843235,0.905677623103201
2.26803688200562,0.23484016325923107,0.10575013746151407,2.7064441968237123,2.539326588877642,0.5066742347284063,0.11815081284313787,0.8612172392570954,0.47983146258119025
0.8878726939454644,0.6086597526267837,0.9590960633711108,3.2171045992284313,0.6273602225075556,0.9386421522063029,0.1337132794201476,0.7349636512440507,0.287021856991157
2.4328859212040337,0.2117411027761249,0.8194507555446373,3.9888003071370113,0.5846944878563913,0.7464119651591983,0.14306947777237886,0.8731177206555876,0.5426088144740729
1.4701934907368892,0.05332508493334065,0.9403514125381806,7.4965017990376115,1.8310382992821734,0.7138539293372281,0.07476400849951315,0.6888944151944414,0.25743134675014745
0.9180695257504512,0.09675289836109602,0.23273214667618747,6.693125971252354,0.8645807518391999,0.3813589215317686,0.08680596830510905,0.5968090481352235,0.32598372381499474
1.0712233965122548,0.5633162416979622,0.3680932709966155,5.009274286723754,2.780513351021691,0.32079450514805413,0.13788071237382893,0.9061204853403133,0.7138187900708939
3.40180654167566,0.6312859173060852,0.6201466574655474,5.1137012794920125,2.2262388780445326,0.2131857604769256,0.14413296108249096,0.7635216926595109,0.5146291763794042
3.2351304379084755,0.37728183906136314,0.012397213915795957,4.077877279011552,1.7679752982898225,0.5495914306491614,0.05756038758269074,0.612421739514375,0.39306786454299614
2.3464070607401397,0.3752781396934941,0.9699318830498087,1.3834184621354515,1.2991639190677176,0.4351683767396568,0.08606328467303397,0.7246761156383665,0.47333321672950324
2.753091628984956,0.9500017705742079,0.2852210854938674,5.542172554039972,0.562600507512959,0.40991077818689964,0.07492076191952297,0.5139476548165105,0.35462725160627984
2.661843111937736,0.6783106084017082,0.7467317148380467,4.132596038744098,2.009861662446567,0.5168522010227898,0.015775424550918755,0.5449783350985309,0.6185787037567507
2.7924857347051244,0.9955552995857763,0.01580323916329618,4.460667974611062,2.377521882206395,0.8614198624111029,0.0863286861711696,0.7789621910828473,0.18252304386074192
2.938537308460937,0.8589662496934306,0.12228953720281865,7.409457570198907,0.565043508878925,0.8689598007662203,0.020743659718357614,0.587582695222215,0.3852747215081196
0.5136295123339641,0.4452567055360407,0.33435922671739227,1.3279432918962186,1.6277254020097658,0.5218967065377471,0.1174725445778238,0.9019086377315145,0.7497544603914341
2.7839853811847863,0.12441038872652388,0.29539079470985063,7.306546374658239,0.721836232519723,0.5254846715126612,0.14195064669268737,0.9277991786612685,0.6686904007549821
1.9392111196711235,0.6673968880987974,0.45674559835399897,6.027684315490734,0.5789533267324962,0.3153257191370868,0.09598783249610388,0.6046485180993786,0.6791074926250755
2.83118304744202,0.35122292746129835,0.8866455581278214,6.554075084479892,1.7320945001719554,0.8183160696758862,0.04795930407291265,0.7224168995653382,0.6130882175773988
1.1911871815214736,0.8608861685209939,0.8230676165684149,7.21719734727201,2.6936924530606485,0.967677009647596,0.041967072428469636,0.9193209308578919,0.712826923807037
2.499246169731992,0.42249508391815216,0.560373895967873,2.7408188532022226,1.2213825174023802,0.39305147038202304,0.021539918523997753,0.7234542037162344,0.8725563851111857
3.607165864998606,0.6301519692743847,0.5209756327557735,3.428743346007332,1.6610040657929799,0.36742187805756077,0.1252110228070336,0.5892723334766876,0.40098167009251273
3.0081796485455956,0.7599850114961526,0.5748690420277343,6.903410999638628,1.2276258811266252,0.9052937769942906,0.11211746434390257,0.8594374224927923,0.7700251340956961
2.8260289833455996,0.8463430169899694,0.9930988627176359,3.361302836197109,2.5347892092739257,0.7956638076144269,0.07340182319968251,0.9171270498796303,0.4798795924223953
1.8804907535040813,0.5654659162762375,0.10594235699096155,1.8062015525301298,2.6017404263344015,0.5172421782630778,0.06517177251813613,0.6106914581857791,0.3616286356743442
2.2206361700410904,0.8058169613506224,0.8951641177737396,0.5609154563534711,1.9370518281002886,0.5738186943138677,0.09599945906602096,0.7012740591087211,0.23061755793774863
1.895256872986953,0.47188071242948937,0.5819991287564141,4.007865688254214,1.6803611275516155,0.8542682479664647,0.11439071877330007,0.6536203223815368,0.6480715667278469
3.3020199113036215,0.8536506690045002,0.1534922053741905,4.66145969384607,1.2132799839980344,0.7913378575413781,0.04342994611021565,0.8021315858778644,0.626502790430387
1.3929362962017187,0.5111437634299432,0.9486464679161921,3.050460307651476,2.6893462149080194,0.9895556649631156,0.13247911883272284,0.5746397133755042,0.0
3.3688037683730707,0.03214939510056125,0.39330188369930785,6.965866986542911,2.2218805318997994,0.6261923418703025,0.06430096351156686,0.8655336259116286,0.6187602873073162
2.983454413818773,0.46840531961567333,0.8924843372096598,1.839584142549059,0.9259787728965623,0.7142430114668652,0.14607920797824783,0.6112654579880467,0.05889306529916838
1.3738463262683926,0.13949884796218992,0.8605635552736322,1.8111803232906727,1.7579463168122196,0.9926979824017637,0.011699726129086098,0.7504187407298573,0.5761291674314316
2.29301164946731,0.8074473764101547,0.35528153955277697,3.2827308711923324,0.9198449514971592,0.7926521853086295,0.11985924728634074,0.5614984943504736,0.12687482419059726
1.877099758959126,0.892904995362683,0.0027072736757871585,2.3900725649810584,1.8876057126313692,0.46727508772796267,0.048086326484873716,0.7070168682064457,0.33045628315884457
1.135330878383928,0.5296252409594838,0.7066959213132259,4.602359621028017,0.7327733271463273,0.8755268913324585,0.034496897248248344,0.8441654002750079,0.8675967978283826
1.7619778877154764,0.7827613480561023,0.20627290340534576,1.4932968295634383,1.7425646155437056,0.2263488117586884,0.04154162742952667,0.8258055134829567,0.6983767231001823
3.430842174068989,0.08078536393781044,0.8820777094381044,6.380137632425432,2.6742107392674135,0.7587428436630719,0.10438142942115505,0.7362919550051887,0.14168719859090317
2.7847552857196023,0.9191096645666051,0.10052200141670842,2.5261158227687295,0.6811374339896796,0.9558441375552309,0.0723371652399143,0.8039050118042848,0.3569566909747548
3.443920225765125,0.9910002480764886,0.16178245779226574,6.3961008457458295,2.7185572453418407,0.2391003014807005,0.11557267842598026,0.6596263945384476,0.08443169010087093
2.7700887701465122,0.5140481960388648,0.2597422520866369,1.0817708960318884,0.7923680827230207,0.2826582861667934,0.09929060561884087,0.6581348831297922,0.6081824629582633
1.2582170337205536,0.691885092705903,0.6868495657664668,4.313346338855982,2.837394542164627,0.508331385153137,0.127020815977701,0.5338127335694883,0.0
3.0894088291347654,0.98844741383193,0.8465982162878168,4.637317754480475,2.0669151608179015,0.48263163954955746,0.10512793055613454,0.8466779224315971,0.3551822876662355
3.9937996839124885,0.492462917000433,0.06130406577344227,4.766863605847882,0.7975603749554214,0.3958120348448881,0.05602918758280321,0.8289634429167847,0.7234077087458548
1.143328433574752,0.16575294684235253,0.04496424249882747,6.985919490831047,2.233763560890152,0.2319571724941012,0.013960922789336042,0.7514034334137751,0.4750429865249096
1.4888704045034886,0.5967263504319288,0.4346041756809653,7.386500498482037,1.2195225374034198,0.7433162947511149,0.017567603626603888,0.9301372403850163,0.9296064150848911
3.9326511376792324,0.7390746290164124,0.46521247156357315,1.7599475146180907,2.5312908506199117,0.7890832777176178,0.041073565538532864,0.7030468823707695,0.7701396993747007
2.119796282358748,0.8264105499727091,0.6838446843340765,5.145340348320441,2.124568556408196,0.41637606350598316,0.06203957637613476,0.5205480284465177,0.33573556501487
3.254293975342433,0.43299821516981385,0.4382383570875735,1.9628501194690138,1.0235682036485723,0.6702575436552234,0.042557422128514606,0.528893983204459,0.7072542484257089
3.1862759559331444,0.37646943440636593,0.38023558389930445,3.4505462521263306,2.5376120585202346,0.45666951675185374,0.11612506957609703,0.9227951783507944,0.8188982983096678
2.8130386857367977,0.43168108117702464,0.7477897231466647,3.663178958011084,1.536068177770352,0.6202265308581466,0.05448112687330113,0.5469125973260005,0.5734090439257729
1.9519820193415782,0.12385688112930193,0.4104414735554467,4.4554697697076024,2.826777953014117,0.22897786483624288,0.09700417691027217,0.7059808339925348,0.37615914518252647
0.5709139487144871,0.24954817593872036,0.11848525235480156,1.7343531658515579,1.1864256086522955,0.521045068305757,0.08406551508844463,0.5004454972668737,0.06610861803475154
1.0665427622005927,0.0935663856088007,0.5496733992627437,2.6325989632101585,1.8709943400867952,0.3774586417397423,0.013392109572261881,0.9236151055716111,0.8007701537274267
0.8790784241614791,0.1268587479617168,0.1465468265101405,7.850212191946182,2.0441506004249903,0.6882319613630805,0.14813774821259415,0.5397974461735946,0.0
3.910753123898012,0.2040131465540409,0.6230715035620354,3.3606685224223334,1.4598795336929455,0.9449946627835701,0.0308918819816359,0.9486810549843095,0.8526269443541354
1.82693771382042,0.6487749038885544,0.9679067314833601,0.46080840303179826,2.8071609073129764,0.6542491082834747,0.1086155630568433,0.5671328827488568,0.0
2.3668560079086127,0.6735137147252437,0.4562473073876818,1.2398814248484538,1.1102976877139414,0.8835142327947989,0.014825938996586789,0.8189879352983656,0.8891625555726356
3.997865127800844,0.007482996106766615,0.16104568281993992,5.393154407145076,0.6499770864633707,0.6718319870846872,0.10576001449854784,0.7646658566513316,0.3015593971920508
1.7781464605737352,0.6972822959866389,0.5942944280138205,1.661097376751358,1.9078388589627744,0.905525773711142,0.10335665999666298,0.7123061783272312,0.6344231233783518
1.625544360043079,0.08588620943757286,0.2446271327590287,0.0894940246950151,2.966564793812411,0.377985801702992,0.12408263197595215,0.5758901968122404,0.0
1.4926040236195086,0.41827731922836675,0.3244056641416051,6.386806502078889,2.894233520038558,0.9002355869206788,0.031500901372685915,0.8495099043571805,0.8835105739352627
1.01781419656649,0.9133811065621014,0.5178785756685784,2.691048704453654,0.892563743335482,0.2094472705432037,0.044712578832523865,0.9113090284765903,0.7969544859650637
3.2904176729527963,0.9697937077507195,0.10076152112137304,4.737429948045356,1.1428761850769416,0.634353364617926,0.054863683978883714,0.6275594976095109,0.31234860490797967
2.508458557086091,0.1833181618695403,0.46913343697211685,5.206498120352278,0.8204551829570101,0.9444754167015232,0.08080145792357746,0.868787587347954,0.8013155224229176
2.7886690071737217,0.7100009412225455,0.716130940992838,7.000799176491781,2.03401358761731,0.4225737213771117,0.023931350001164003,0.7728127787525636,0.8057143505727554
0.7322348131970338,0.2412934516895302,0.06070718460191171,4.391100712052537,0.90084531235717,0.6883258555467786,0.12072111832085744,0.869846324347338,0.4271476867602306
1.583402278481696,0.548954532694496,0.563010760086359,3.7830974572333327,2.137784728561912,0.36806969905882686,0.1470940535421512,0.5441359221909196,0.044359705365419555
3.4022739942109173,0.5940959869511878,0.24485474719371592,5.965400005282398,0.7112022391926799,0.8195342675590265,0.09259793111402188,0.5498376432783807,0.4504158535735927
0.7782694708232958,0.7508363334364625,0.29293590650383716,7.114414806137708,2.40518255257544,0.758552195774173,0.04900484736868313,0.819025033559728,0.7630432207134916
3.818516895801919,0.09155983437056892,0.32616264200356604,1.8773781236927531,1.4831253360016667,0.7938661238831572,0.07639396139955411,0.7568287727541108,0.5237951577836581
1.5995421082741983,0.14128926708710055,0.26693364893772853,6.877442409935896,2.006042405383526,0.5023909385577869,0.12058683744298224,0.5290058446047089,0.0
1.38861880772835,0.23010315405733928,0.9853645621682221,5.648788659142082,2.0444648409713855,0.20398797223557832,0.03580340029258003,0.7859935818378851,0.534871908329294
1.82901764268583,0.9242803836790608,0.7647242191417579,3.5790725824329597,2.373787443845676,0.9803234590609773,0.07453731545820587,0.78913664954984,0.4361689982041468
3.715326152714533,0.24867466203617328,0.8865579136662783,0.7803576541838613,2.1211204264691164,0.8262705240446275,0.09604487069533964,0.7229906618686444,0.35170673837404065
2.660714849739901,0.15166370877944457,0.21557071033021835,2.1591947516507357,1.9944483515750953,0.5535208589960564,0.044226617948017535,0.897264199465061,0.7361075660462248
1.8087264410262818,0.44603171922989115,0.40970107654899457,1.455543642214021,2.3290675385755835,0.5587666098150864,0.012275995384980583,0.9338061660619086,0.9345051613110303
3.3551726405839477,0.7235593540918033,0.869091870518529,7.254458028844402,1.3437242659610966,0.6887669427333589,0.09523309328878317,0.6202848509647686,0.34020807058033986
1.2768328800647353,0.11390725481902209,0.6593141959164528,6.247351928246239,2.4023824487925096,0.45302030174797947,0.03873637906512831,0.7041263803045799,0.5712002786525934
2.413847110841787,0.9190871279685557,0.8748231542740541,7.328466650414621,2.625655962839949,0.9716649635490491,0.07516999960366803,0.5213630738448924,0.050263523819076505
0.7924671125196738,0.39027614177234315,0.25768709127299727,1.3595247308885385,2.8830094362716214,0.356335670728498,0.14431309812413234,0.8423774781445432,0.4779598619846712
2.743309852438282,0.6760189600893783,0.331474323659124,5.171416304466257,0.9667302957031633,0.9501643460287836,0.05225106759448309,0.614833930532094,0.6874310872783362
2.989069793679551,0.6564487180661819,0.45129891834330527,5.0595698775262905,0.8987326794021404,0.7386626459215642,0.047885497327327144,0.6227761895044057,0.7635655302666972
1.067629772303246,0.3323771350361646,0.3312510603113281,3.633432093618154,0.9760487616658737,0.35440602892701306,0.08584340003285196,0.5579948321017139,0.49781712118552635
2.911139527960923,0.9439471258625965,0.42679562166437823,7.208842505205414,0.745791477814661,0.23436610190051566,0.11099164285193758,0.8424597078416733,0.664706198025241
3.4507038433801296,0.05681767839998142,0.7769070549568304,3.0123098623726543,1.2583440817054965,0.33841913707463755,0.1494422057143538,0.5286486151934886,0.0
3.394528051127998,0.6394944354905275,0.7350804442618671,5.693736959374371,2.6460862126829565,0.34703365588488666,0.010115446356855953,0.7693378200694698,0.8168121393348144
1.7385052376316688,0.12378733111713769,0.18613875410423886,2.653994499673783,0.675583427216758,0.2455305617027607,0.13824367567654217,0.6404462372091633,0.15429619539570094
3.937807441157547,0.9643670083303999,0.1425712823271138,5.719394423169527,2.002012222817673,0.7525176584841229,0.02346674000202647,0.5848520353855511,0.3143218229575472
0.7682353150780852,0.6041342052170712,0.9865910758490911,5.375876301263531,2.276903837554824,0.9876680332346248,0.10492161758405144,0.5180817076828117,0.0
3.534519602998092,0.3646782903787963,0.004363621514715366,4.0578734204865645,2.842537502190659,0.40586454975598657,0.07881184422739758,0.5781995995020759,0.19625406153595493
0.7019243508325403,0.08054494671311319,0.7270109059613554,6.912595765937192,0.8582470981312278,0.430654854248375,0.03730412547027582,0.5120850996168925,0.3929798814726535
2.4370097946044424,0.6999221701376476,0.6478774808850705,3.104428378417981,1.8875256148497632,0.27527944530897974,0.03160252062117582,0.9193075787988425,0.8737764657988027
3.165277117369639,0.9227390958251673,0.9166802844993672,5.195140936861925,2.820596620280413,0.5333632824659706,0.010506274269891732,0.5281570021307718,0.3106928294634327
0.8832056399528532,0.09535345318286026,0.35170239085026345,5.610166456874861,2.4766220165012376,0.6721706194756998,0.030501064437977135,0.8365557209666789,0.6889914324501942
1.7418067169815963,0.012993348671796245,0.28058862053274936,2.644804433127823,1.1856138380452572,0.8494961225500686,0.11638969566317263,0.8129984136856887,0.3624670260333491
0.9865177747929286,0.807833909706282,0.6771759616633237,1.558701491851135,2.120234825703791,0.5868093128029448,0.0715090086598715,0.5504554235625749,0.24897823150141463
2.314064965458079,0.09993180897236364,0.16425338725426664,1.0603705141981017,2.885270697675019,0.42789175235511206,0.05972860530344108,0.6449362728332162,0.16778395718022132
3.643876558123503,0.5629659113348885,0.9191598989333117,2.3993992466231644,0.7870866860798724,0.6449747621793397,0.05837517885060245,0.8608580750708368,0.7376497399446527
3.577981931190805,0.4725735109070718,0.9713590240855083,4.424104050755247,1.177300983465781,0.5911804122754196,0.015223440936409864,0.8618005221183804,0.7234121610785422
0.8550226779904733,0.30874848850300496,0.5653165470049434,0.34380100517519097,0.6982922479536207,0.7568930860904104,0.020048793028507622,0.7146872898113195,0.8102045235775085
1.6854347169726263,0.22807940795641646,0.18877889786366542,6.1072903498606355,2.8788554828757063,0.31214379376266543,0.14435537068437776,0.7676431265637966,0.2243584732372802
2.7458114187713996,0.7099263781425819,0.704118890354581,6.558488865485506,1.7086716283692436,0.6266868700117609,0.055335780344878224,0.5473659172024027,0.5333947539517396
2.8262406682417667,0.03360996918625092,0.2756350510833683,0.7538389155688021,0.9768178933067951,0.7109847303179047,0.09798672822868854,0.6894747108480704,0.2616226465994972
0.815601917713219,0.43337391645940837,0.3527448718582934,5.763673222847598,1.9475665204976293,0.5932526138695993,0.07817749152269932,0.9348335992671885,0.8883374222193534
3.1470297759620767,0.4969795604601278,0.4792226128889776,0.2118328104397076,2.8562731582995164,0.45533917741386376,0.04583147146330412,0.9497340164244521,0.9375831082347902
3.0154138502658356,0.04736377329928798,0.06188547702557645,0.20401251168158296,1.9990472487821727,0.2572516000495615,0.14067436995829027,0.9216079430102051,0.07546916348714217
2.411189233618279,0.6166389313959508,0.2918944015252498,0.5117803392661866,2.343651112979539,0.281428790999214,0.02197806974257504,0.6400503991419006,0.7339668804341792
0.5436298094325872,0.434035615756316,0.7076809100800767,6.410791451375512,2.0107682594973033,0.87749936249113,0.06691030852739543,0.8819474382772144,0.8464742488055463
2.2726565867443274,0.2230361279982953,0.944145646660466,2.199766990696932,0.5655037104694828,0.39413923436402154,0.06133625857603988,0.6581073574801688,0.4727848129015514
2.3363362830525007,0.8831268820359235,0.29233822710969914,4.166164863673351,1.3503473842211984,0.8574184474985604,0.03206421186038697,0.5465796207395264,0.38669575873766515
2.260483386331606,0.6718875857654919,0.7955252010907665,4.716998823242531,2.4346244032975015,0.5141680468487391,0.014601473837305656,0.5522446885557004,0.5256074323394191
0.6355291043014866,0.32894365047649265,0.49549134126868233,2.850539869255515,1.9014986876659805,0.5844873187942301,0.10491199226095163,0.8001329736035327,0.7378743211667315
1.613224514880378,0.3462144553610915,0.5851478216413033,4.7714597431267345,1.2867497840928328,0.4642543086203402,0.10716630184606057,0.7913348702942313,0.779110841540483
0.9726778163792115,0.44104187967539343,0.8927060787105903,0.2904454088358017,2.637909866210534,0.3305425256513149,0.08101480854464022,0.6909513930153551,0.39390429086922596
0.5354526806951059,0.915396937089632,0.4549252273343056,7.63414621408492,1.2168597524480447,0.893020618732778,0.13913454035938827,0.7505745873668512,0.3540889211657874
1.2093722575370114,0.68524743210572,0.5489780665294601,7.556237326821007,1.5981801545262295,0.4148109181118576,0.029360180209174996,0.8143851059090057,0.871306621758986
3.9093836664320376,0.028343770571398474,0.7404453547781268,7.415442900477333,0.6869538355683733,0.28813603608490657,0.1068739937829592,0.7915835191531047,0.5196253372898711
0.74089595360686,0.8344227521511565,0.5234238478448924,7.2575789866929,2.694977202481761,0.8500062152401326,0.08222584547421898,0.6132697887872445,0.3630638712348858
2.270914263688964,0.10081137780178007,0.6588461484734262,1.071817753832061,1.7779324062518076,0.24350557933345424,0.051931748638450424,0.6044362073014045,0.40746393573377726
2.670110399490847,0.7867867120225087,0.05730295454052614,6.802269481243074,2.6519192373865113,0.47381525943041825,0.10226056923584509,0.6811758642665523,0.17108335605122438
1.0396680876637103,0.5286624185631104,0.08635967450159665,7.027777243167903,2.8107243985240213,0.857290509609123,0.088753936905837,0.7509193660064547,0.4633077121161031
3.9461258181032544,0.24790168983118288,0.07594836590520748,4.495527388809422,1.3219639945252584,0.4578710182464354,0.010991949583792727,0.7683077342965698,0.6773398822393253
1.4241179579646492,0.187858548192681,0.04043193139300372,2.9148926118048903,2.6974221809661434,0.4693366460778979,0.1050703894167431,0.8404461335308582,0.30545491696051186
1.6483528321656986,0.8216407350120413,0.6918796596669491,4.473937829607612,0.5024811601265723,0.22807261273824653,0.14872121817484887,0.8520277655766016,0.5979316671002697
3.7814784057053146,0.9023032049180275,0.020442983142750837,6.334778318328591,1.6278643600278864,0.8316465632005245,0.01094020978287392,0.6296896855402538,0.3665678376419871
3.1296332152695574,0.7930207886015898,0.619714601214624,2.41004951557011,1.2759064782196572,0.9734111709136262,0.07148970509278862,0.7012064976097266,0.6765427716243765
2.433164625842448,0.40950233686438875,0.5526715645974142,3.458683382140463,2.5667872990054668,0.9272408158386272,0.14049543637415063,0.753933292623224,0.6480343086798199
2.0475199511257336,0.7052400587918379,0.8383235912959066,4.503857936531017,2.2499525545556534,0.7997834805769986,0.10469512874042013,0.8357601000781892,0.6107870906956387
1.2302586639459943,0.4983745470217975,0.5882685546050872,0.019823446856184646,2.639906272034205,0.6880196067559297,0.02807908643774846,0.8673606826591223,0.9076328327004662
3.009699382541906,0.758299543463637,0.3920424618618562,6.833620053559937,1.5350689553309056,0.656407322356473,0.010089922517982321,0.790192901605038,0.8462873403510064
3.0136152724477783,0.5671093654887923,0.49655881704361604,6.479491789693666,2.2034317929131046,0.4224592317760184,0.14427026733119802,0.8182702373879034,0.7132877774864184
3.957786251193486,0.9712613162688684,0.9189097228100899,6.042972329802461,2.0235734212424186,0.3377365309463394,0.08606919843932606,0.8444194350774472,0.3606696996232249
2.323000055469487,0.8682391284056578,0.10965589919169827,3.0475227843890726,1.764911046484143,0.5458602366952865,0.02520211669501743,0.5690877323200837,0.332875259004911
3.431660524994205,0.484384259201451,0.04872242675272764,0.1319300718211993,1.6836885049858163,0.331502980739555,0.10871763243989105,0.8578955581374881,0.5506616738291107
1.2990384795998695,0.5921769448817807,0.154444643485386,2.428661212755096,2.7219887354535834,0.6352784731858487,0.134024417320188,0.6013615118807781,0.0
1.6550852013703312,0.47095213845681705,0.4800800751945429,7.981183737469603,0.7861132974278252,0.8815720284812727,0.13091548551906182,0.7489393841920042,0.7751960656760352
1.704130088907038,0.5192261042882962,0.2924677048065638,6.392859587519516,1.7456978967758254,0.9406737431019605,0.09717678820984611,0.7314436999016075,0.7377885687588329
2.9887427389217827,0.5039329644302343,0.9045063504194472,1.4755676870947303,2.933371709364764,0.8497524414809536,0.13050267066108173,0.717308524566982,0.2394052899007505
3.430205422681591,0.30677408357720515,0.7619481785641752,1.1236012671121811,1.2676297899062718,0.5565861306877863,0.05512476054007906,0.6741577020308827,0.6348122448918954
3.3703666067429427,0.25667589214216757,0.7452811721545722,0.5896965528932148,2.414347768787652,0.8336185942638183,0.06623782857034748,0.8251150204253617,0.73131272808953
3.702984413107847,0.8007129735545269,0.3904465103969599,3.8737081142405154,2.4483938619645134,0.43407567187929885,0.12254358364324228,0.6476320141524234,0.3014917867373823
3.3209670383493832,0.08680044335072334,0.044397296910590134,7.981403578958578,2.6736428080867225,0.9062780027729631,0.14317919266492646,0.6972423392365195,0.0
1.5039244413805326,0.130024995017903,0.5012091335384645,1.7603865638128626,2.8388771418482994,0.20320252995422328,0.03004754328403702,0.610914133887542,0.4679801783609624
1.1963484905761828,0.2257784365797103,0.6560476050611784,2.6200966265051937,2.0375609547584332,0.912206346917033,0.09435794717359827,0.8125397560788716,0.6779539091680868
1.7792615437747505,0.15973846762270916,0.3205840624499061,7.714261189632865,2.0545284611328425,0.42200889554721216,0.07312813740269453,0.8759808668439475,0.7383739336118345
2.8395524974702075,0.5606528407291682,0.8851628766338411,5.379516577734322,2.1068243269777387,0.3518145097686145,0.02489441562173709,0.9343139526758295,0.8163934640278876
2.5960042953512343,0.4156834091464291,0.5890208209102176,0.49449568857372306,2.555318184760267,0.3733164284514688,0.12263644088451257,0.7404702994686247,0.5509990978067618
1.4680020477991595,0.03020994824207046,0.8158333553266057,1.4116811317544533,0.6295127890996837,0.8047021846607048,0.059006051132217026,0.6752003025162425,0.2952699063133605
1.3647365554825164,0.8591784786968971,0.29732952610653207,1.6815405580081908,1.2731243158403902,0.36251966013391757,0.05447173091272904,0.5373213002906778,0.38723803280682023
1.0548551019181043,0.4170528833961479,0.8794668555898764,0.45832597377828677,1.0316867669000767,0.9266765404332771,0.134602054382389,0.8057528749831735,0.4186147130697099
1.341657439333333,0.41981056105578574,0.21122099443796505,1.028708073001626,1.4499959862847287,0.6606572840562801,0.06039057456507273,0.7748710477096863,0.7519732836009596
1.5368915738275692,0.3458505277607903,0.7906735916446096,7.026517847150864,1.3050852038276302,0.657212641076221,0.048942719744917526,0.5240005887683424,0.46797817429996225
3.0825001347614283,0.17100348323615033,0.42571252374691715,3.8963639470332545,0.9611789604477647,0.27564428053071705,0.05872182205394988,0.9285286583976433,0.8345088553106299
2.652974564959475,0.3814102284029025,0.03891082077421493,4.802186251128655,0.7306441023384315,0.6340352568380211,0.115273071158044,0.6906134067326538,0.38271812392887017
1.5479402318578355,0.0473842338175986,0.024777875161596796,3.4402125571641697,2.7083631767574197,0.3952502230345523,0.09036777080945496,0.8079376188558928,0.19140353655731268
0.712904536254765,0.1531003758033771,0.33127679341956706,5.360745393188564,1.597587780570242,0.7873560545745963,0.13146370118024694,0.8412675244693443,0.5460204741749526
3.972865225596372,0.7543610687316497,0.8521791950074505,6.658930867720008,2.3256644057001163,0.8414414533247125,0.14085565190143742,0.7138433203368316,0.25604529484786054
2.7340045836939026,0.5149397215727727,0.851036987192073,3.4508768229720586,2.5493169278618324,0.8394836600457112,0.14466405419160266,0.6120143146658384,0.029823998432465193
2.983668284600693,0.7569194976474862,0.9362784928046657,7.2552193444442485,1.9338146542711208,0.6633225486911838,0.033420771976592115,0.9387332160906969,0.7243741688476932
1.392561119461994,0.7247362184512921,0.7957950048053125,3.5297240368910483,1.027984300072645,0.35116830737574944,0.12990944012622282,0.7298404190368316,0.41157805716130635
0.8154794371339334,0.7170194727628887,0.2501710528050296,7.011158006007034,1.2739294650749382,0.3602166640721145,0.021880182097690805,0.7301890114869414,0.7667316000478097
2.0775815573640055,0.7513121446031429,0.4646025871930364,2.7505277513949684,1.1541372890823602,0.4225173963759769,0.13989870625589396,0.5742853709395155,0.1236825590421865
3.9586174859500254,0.32691945519222476,0.08839023541749746,1.9895230463029199,0.6460359488865468,0.8320238153311328,0.08175740775575475,0.6516439784900604,0.3805306758213356
2.817173616210469,0.6306465259503202,0.9398720892275902,7.690084133987037,2.2017094391635132,0.854252741795335,0.12093951404692498,0.7210865897149549,0.32941907347410293
2.9656040081169595,0.07825900768357019,0.7580210831503069,7.694664057538941,0.7124368828143461,0.8688926276734836,0.14061720373089798,0.601785000410928,0.012685926766917821
2.3368391566322133,0.9278582254629885,0.9602260045229679,1.0230590748185309,1.3725105638886266,0.7585157129206854,0.04101818991403024,0.6461467828855163,0.2980372109771734
0.5815187100164265,0.1535216809311989,0.5623294944177438,5.224720530433462,2.1222795777395924,0.8226883766225734,0.0681393979234308,0.62307082230852,0.39931331184364527
0.5545324501488375,0.2066298260523869,0.31238781220203726,1.4256548518437242,0.5503611787415057,0.3259580869321533,0.10325393749946012,0.783313437412668,0.6240452304401509
3.7748927378931487,0.7981682913973093,0.5677561168411912,1.1004507799456906,1.9101795473128922,0.24927604873134462,0.07032388563751939,0.6756163830262379,0.6096911752657814
1.9973483327702959,0.2798259183947872,0.6858304476238237,6.727555738390236,2.421292481497444,0.7022016766327044,0.08536827190662184,0.5139878810036137,0.27796072744894196
3.030268995421724,0.5449829395784974,0.2707410506638869,2.6227363108275332,2.8390169661743534,0.6994897960937816,0.07662774085205395,0.7794147828687834,0.7644114926129069
1.9480981374497994,0.4701822732030162,0.2903092567076704,3.518826404733156,2.213980581094776,0.23195354006917537,0.12130383702146166,0.6273407933875907,0.35234781135367976
2.888959277013749,0.64272531468006,0.6526280491413053,4.865031330046423,2.8977545951738373,0.6066753301563127,0.11252467617214919,0.8174521990555599,0.7592824145484377
1.3269365204741563,0.2833058391868256,0.42401709815696786,2.221583443705674,1.4168577473248993,0.5127684911426448,0.09454103853136814,0.5989505192307777,0.5021153188522596
3.315021530568406,0.4375363567715046,0.7062441116832469,0.651539849926543,1.6749134853109173,0.22257562574186265,0.10462739885417906,0.6546695346486813,0.5149976821334173
3.8223848493704002,0.3241242146014194,0.5638058980177268,2.0591006055569174,2.050281572368351,0.5736338801065877,0.0618879566107886,0.5916602070860809,0.670072318762222
0.8903247039000936,0.11987913395667327,0.9990400175055532,3.2984858148578775,0.5048242696833487,0.9623430325008115,0.012797189392173771,0.6883637564995402,0.3950696314672051
3.011171550897296,0.9145992443717617,0.712886291432101,3.7090060392000943,2.9361050974602585,0.23145550642661636,0.14816490835532112,0.8822261982687976,0.3339072733458157
3.751255059942257,0.25477242409753664,0.14245807228426977,5.306522234981601,1.7896485949653,0.6185343685955036,0.13944668498765045,0.779036407993968,0.41857946455494444
1.5887234228660647,0.40006655641787603,0.13349583509185126,1.5385123222055146,0.8583751755238462,0.8482330729690837,0.10868228551609661,0.7386552579248833,0.46597687996742176
1.8102874176964976,0.6684942903243505,0.812905347695761,7.049865725373672,1.8675405705158339,0.8559080974557607,0.0815828334777773,0.7135385401345509,0.5917451880434375
3.5290114946773508,0.386373936264664,0.39591267904070226,2.439290762279329,1.7967543207365417,0.6358800269515685,0.10246456034346396,0.6937260395493068,0.7022721939915426
1.2624305215925977,0.8668420624138758,0.3460008672380144,7.383547358721398,1.0183833325661393,0.6480459809889845,0.0851261130941233,0.8728915315671478,0.7176755842001529
0.9859798536279041,0.9099371729174613,0.5314281721720702,4.688875071314931,1.7754157332444178,0.2288199254690132,0.07959269265292372,0.6185973482046457,0.4584246071990312
1.69940863132241,0.6491015991871399,0.49769712947410594,0.7457457013396835,0.6826031869043974,0.3485261564938963,0.03672392052011131,0.7737353406371141,0.8736625505421659
1.1223506241593997,0.8817194232747706,0.20976066061341314,0.729051563411061,2.6893650408991174,0.4362620608613864,0.069559168176723,0.931561872805599,0.6437348019771332
3.8052922670522085,0.7149168892649178,0.06893895173255471,4.74672100329118,2.9726948376056446,0.9575329827391845,0.024840348952792,0.6781852863906659,0.4200461644913027
1.6043786106599376,0.12972810690490555,0.6947983112487609,2.190786914881894,1.3621645078132445,0.2722871013611344,0.07971545822901317,0.5711755386434254,0.3057673103515086
2.012316482528212,0.1433422221033015,0.9538498899501457,1.1598602655771408,1.804717884626583,0.35758386025519,0.020690652486165292,0.5910388784789442,0.3753259940977298
0.6917093758665263,0.13939738312098882,0.49348415776321697,5.214524168460594,0.7183495376794586,0.5528148991234147,0.09137458319946926,0.6054015542949777,0.41828555959770375
1.8022744403060889,0.07183486973360864,0.2201310802330949,3.73402340735152,2.9761054473133055,0.9970120503513067,0.1471470353574003,0.6903888738351474,0.0
0.7823813244513276,0.3235734372493335,0.23771437537097728,0.11301259927883667,0.7380840257209385,0.562553548039253,0.057552744932601575,0.5811591747355174,0.47854542918875687
